Threat,ISO_Control,Description
Spoofing,ISO 27001 A.9,Strong authentication & access control
Tampering,ISO 27001 A.12.1,Implement change management and integrity checks
Repudiation,ISO 27001 A.10,Logging and non-repudiation mechanisms
Information Disclosure,ISO 27001 A.13,Encrypt data and control information flows
Denial of Service,ISO 27001 A.14,Availability controls & monitoring
Elevation of Privilege,ISO 27001 A.9.4,Least privilege & privilege management
